{
  "views": {
    "": {
      "offsets": {
        "abtc_infrastructure": [
          157.39844,
          -73.125
        ],
        "abtc_ports": [
          -428.22656,
          -6.5898438
        ],
        "abtc_application": [
          320.98438,
          -12.5234375
        ],
        "abtc_adapters": [
          -8.347656,
          -69.45703
        ],
        "abtc_domain": [
          -19.351562,
          366.9961
        ],
        "agentic_bitcoin": [
          -295.625,
          -196.79688
        ]
      }
    },
    "abtc_domain": {
      "offsets": {
        "policy": [
          -16.78125,
          393.1836
        ],
        "consensus": [
          -316.1211,
          37.570312
        ],
        "primitives": [
          -361.48828,
          718.10156
        ],
        "chain_params": [
          58.046875,
          -24.710938
        ],
        "crypto": [
          -288.90625,
          527.29297
        ],
        "covenants": [
          -384.5547,
          524.33984
        ],
        "script": [
          -119.14453,
          287.3672
        ],
        "hashing": [
          53.996094,
          789.58594
        ],
        "protocol": [
          -289.01172,
          200.02344
        ],
        "filters": [
          227.96484,
          -34.660156
        ],
        "utxo": [
          -471.7422,
          -140.53516
        ],
        "wallet": [
          -788.10156,
          134.3711
        ]
      }
    }
  },
  "hide_managers": false,
  "canvas_width": 1742.0
}